Nombres,Apellidos,Email,Genero,Ingresos,Edad
Elysia,Epperson,eepperson0@paginegialle.it,Female,$26657.61,57
Mohandis,Paddeley,mpaddeley1@skyrock.com,Non-binary,$33778.66,55
Hallsy,Copcote,hcopcote2@e-recht24.de,Male,$20961.20,47
Lorri,Hanwell,lhanwell3@github.io,Female,$24605.12,23
Yoshi,Granham,ygranham4@tinyurl.com,Female,$11120.42,49
Cory,Backs,cbacks5@dagondesign.com,Female,$33607.83,41
Shanda,Ferbrache,sferbrache6@sciencedaily.com,Female,$32831.29,29
Maxie,Arno,marno7@nba.com,Male,$4885.91,36
Raphaela,O'Cullen,rocullen8@fastcompany.com,Female,$25768.17,36
Clyve,Rain,crain9@parallels.com,Male,$23583.83,60
Elsworth,Nicol,enicola@pcworld.com,Male,$10791.04,35
Tallie,Pavlitschek,tpavlitschekb@disqus.com,Male,$38165.74,32
Janifer,Bigmore,jbigmorec@prnewswire.com,Female,$33209.79,53
Eydie,Rottery,erotteryd@nih.gov,Female,$41145.04,45
Colan,Kimblin,ckimbline@dagondesign.com,Male,$26762.22,47
Celine,Ratt,crattf@zimbio.com,Female,$5158.22,57
Andriette,Pikesley,apikesleyg@t-online.de,Female,$49233.36,37
Lane,Immer,limmerh@nydailynews.com,Female,$35191.06,26
Kameko,Glennard,kglennardi@theatlantic.com,Female,$33081.40,39
Lenna,Jenik,ljenikj@cbslocal.com,Female,$28193.35,52
Lance,Cattini,lcattinik@about.com,Male,$38160.19,49
Karlene,Bosanko,kbosankol@indiatimes.com,Female,$46840.34,51
Nate,Dooher,ndooherm@webnode.com,Male,$8092.00,55
Lauren,Clayhill,lclayhilln@people.com.cn,Female,$7732.84,23
Suellen,Hiseman,shisemano@multiply.com,Female,$12716.52,27
Vanni,Sullly,vsulllyp@gizmodo.com,Non-binary,$26970.42,32
Oby,Armit,oarmitq@gov.uk,Male,$12754.00,51
Alexei,Makepeace,amakepeacer@ustream.tv,Male,$44837.71,53
Polly,Pedlar,ppedlars@webeden.co.uk,Female,$3723.03,44
Melly,Roser,mrosert@state.tx.us,Female,$13782.38,29
Paula,Tressler,ptressleru@oracle.com,Female,$42193.25,53
Valentino,Enevoldsen,venevoldsenv@ezinearticles.com,Male,$16831.03,45
Jervis,Greguoli,jgreguoliw@deliciousdays.com,Male,$6080.31,21
Avivah,Rochelle,arochellex@goo.ne.jp,Female,$45040.20,48
Willabella,Theurer,wtheurery@usda.gov,Female,$25123.76,37
Joelle,Piolli,jpiolliz@pagesperso-orange.fr,Female,$18126.80,58
Theodora,Castellet,tcastellet10@deviantart.com,Female,$12525.44,50
Ileana,Newart,inewart11@t-online.de,Female,$47619.77,25
Melodee,Villiers,mvilliers12@wordpress.org,Female,$36080.13,23
Anthony,Tankus,atankus13@wordpress.org,Male,$49264.75,23
Templeton,Buncom,tbuncom14@wp.com,Male,$20600.77,47
Brad,Tchir,btchir15@free.fr,Male,$21364.71,51
Ibbie,Sams,isams16@indiatimes.com,Female,$20316.20,53
Drusie,Romanini,dromanini17@themeforest.net,Female,$41324.72,42
Clayton,Crosskill,ccrosskill18@sciencedaily.com,Polygender,$15343.60,51
Ofilia,Quilty,oquilty19@devhub.com,Female,$47886.41,41
Artemus,Buckleigh,abuckleigh1a@de.vu,Non-binary,$35058.08,46
Kylie,Feavers,kfeavers1b@umich.edu,Male,$26103.41,58
Dimitry,Howland,dhowland1c@baidu.com,Male,$39325.58,29
Zena,Matthieson,zmatthieson1d@odnoklassniki.ru,Female,$5849.36,43
Pernell,Fines,pfines1e@hubpages.com,Male,$36182.34,43
Bertina,Bodimeade,bbodimeade1f@vinaora.com,Female,$30504.70,38
Rodney,Goncalo,rgoncalo1g@gravatar.com,Male,$17739.42,51
Drusi,Seiler,dseiler1h@merriam-webster.com,Female,$31890.15,30
Pauline,Antcliffe,pantcliffe1i@spotify.com,Genderqueer,$12734.19,54
Tucker,Ruggs,truggs1j@microsoft.com,Male,$3531.42,34
Katy,Hundey,khundey1k@foxnews.com,Female,$16453.15,51
Tamarah,Boot,tboot1l@miitbeian.gov.cn,Female,$49110.54,46
Ase,Willard,awillard1m@buzzfeed.com,Male,$8878.47,23
Robin,Brownlie,rbrownlie1n@parallels.com,Male,$37751.83,29
Lurette,Reolfo,lreolfo1o@mashable.com,Female,$21775.21,26
Mitchell,Hassin,mhassin1p@uol.com.br,Male,$35943.58,33
Andree,Willowby,awillowby1q@simplemachines.org,Female,$48498.03,37
Amata,Barbour,abarbour1r@dagondesign.com,Female,$30194.94,54
Terra,Ogelsby,togelsby1s@oakley.com,Female,$45270.03,38
Trev,Rawlence,trawlence1t@ycombinator.com,Male,$47529.11,55
Chariot,Yashaev,cyashaev1u@amazon.co.jp,Male,$4870.31,49
Murry,Frome,mfrome1v@dropbox.com,Male,$48400.20,43
Bennett,Frayne,bfrayne1w@ftc.gov,Male,$38335.88,27
Elladine,Worsell,eworsell1x@alibaba.com,Female,$14089.74,32
Adorne,Olner,aolner1y@miitbeian.gov.cn,Female,$32368.56,36
Aurel,Michelet,amichelet1z@storify.com,Female,$45407.55,23
Dorette,Vink,dvink20@cargocollective.com,Female,$3704.46,56
Ferguson,Ravilious,fravilious21@merriam-webster.com,Genderqueer,$34653.35,28
Saw,Pardey,spardey22@bizjournals.com,Male,$11103.44,45
Luisa,Isenor,lisenor23@toplist.cz,Female,$46648.11,43
Jessalin,Stickins,jstickins24@si.edu,Female,$43415.79,45
Adelbert,Mellows,amellows25@bloomberg.com,Male,$14557.93,55
Aprilette,Peatheyjohns,apeatheyjohns26@state.tx.us,Female,$3255.35,26
Koo,Priddy,kpriddy27@sina.com.cn,Female,$42498.05,33
Bella,Dinnage,bdinnage28@a8.net,Female,$21028.31,26
Hunfredo,Spohr,hspohr29@elegantthemes.com,Male,$11661.55,45
Patrick,Rasmus,prasmus2a@lycos.com,Male,$3254.36,24
Sandor,Stringman,sstringman2b@typepad.com,Male,$14894.41,32
Gearard,Klimashevich,gklimashevich2c@psu.edu,Male,$6037.83,20
Gwenore,Torri,gtorri2d@cpanel.net,Female,$29187.79,56
Terri-jo,Farfull,tfarfull2e@cornell.edu,Female,$26611.52,33
Ingemar,Pattington,ipattington2f@engadget.com,Male,$47746.36,36
Aimil,Barnham,abarnham2g@chicagotribune.com,Genderqueer,$3340.90,56
Sherlock,Rowatt,srowatt2h@oracle.com,Male,$15644.05,22
Davis,Pendlebury,dpendlebury2i@cdbaby.com,Male,$8586.24,21
Aron,Marklew,amarklew2j@ask.com,Male,$30424.47,49
Grantham,Stenning,gstenning2k@psu.edu,Male,$24144.78,20
Ruggiero,Simeonov,rsimeonov2l@jugem.jp,Male,$38969.14,46
Sinclare,Tolman,stolman2m@elegantthemes.com,Male,$9044.76,47
Karoly,Awde,kawde2n@soup.io,Genderfluid,$43354.69,21
Mab,Gormley,mgormley2o@deviantart.com,Female,$6589.70,39
Olvan,Lyman,olyman2p@alexa.com,Male,$23764.23,55
Chip,Djokic,cdjokic2q@cloudflare.com,Non-binary,$33911.44,48
Dorian,Di Nisco,ddinisco2r@cdbaby.com,Female,$40323.70,49
Dale,Halls,dhalls2s@macromedia.com,Male,$48874.47,23
Hanson,Cassley,hcassley2t@gnu.org,Agender,$19677.66,35
Lesya,Takis,ltakis2u@hud.gov,Female,$15899.66,51
Reginald,Filov,rfilov2v@ning.com,Male,$39341.62,47
Chandra,Fusedale,cfusedale2w@addtoany.com,Female,$14559.38,27
Oswell,Sauvain,osauvain2x@list-manage.com,Male,$47311.90,55
Daron,Kingswood,dkingswood2y@qq.com,Male,$18948.21,27
Sarita,Jerromes,sjerromes2z@wired.com,Non-binary,$46344.81,58
Ines,Ling,iling30@cloudflare.com,Female,$48029.25,33
Alyce,Marquess,amarquess31@reverbnation.com,Female,$17394.36,57
Leann,Delatour,ldelatour32@howstuffworks.com,Female,$20555.68,57
Justino,Bodham,jbodham33@4shared.com,Male,$41339.50,54
Terri-jo,Forward,tforward34@cpanel.net,Female,$28018.21,50
Marcelo,Clampton,mclampton35@i2i.jp,Male,$6693.79,50
Katlin,Merner,kmerner36@ocn.ne.jp,Female,$27255.06,35
Korry,Yeoland,kyeoland37@gnu.org,Female,$6056.82,29
Sara-ann,Sawdon,ssawdon38@hibu.com,Female,$11454.57,57
Grata,Jereatt,gjereatt39@paginegialle.it,Female,$4151.27,28
Cleo,Neenan,cneenan3a@fda.gov,Female,$16596.37,48
Constantine,Jorger,cjorger3b@disqus.com,Female,$46879.51,29
Port,Berk,pberk3c@t-online.de,Male,$41454.25,47
Constantin,Fishlee,cfishlee3d@xing.com,Male,$2201.55,28
Dare,Franckton,dfranckton3e@sourceforge.net,Male,$12334.72,55
Orv,Tailour,otailour3f@tumblr.com,Male,$26338.04,48
Roxane,Grouse,rgrouse3g@baidu.com,Female,$43612.40,44
Cristobal,Heys,cheys3h@zimbio.com,Male,$22174.64,32
Patti,Duffy,pduffy3i@ucoz.com,Female,$38525.12,25
Justus,Scargill,jscargill3j@rakuten.co.jp,Male,$2909.33,41
Ganny,Rizzotto,grizzotto3k@youtu.be,Male,$38070.84,57
Ivan,Folk,ifolk3l@theguardian.com,Male,$27382.85,59
Netti,Merrydew,nmerrydew3m@comcast.net,Female,$18114.51,45
Dulcia,Hanscom,dhanscom3n@linkedin.com,Female,$10457.26,38
Gisella,Isworth,gisworth3o@ifeng.com,Female,$10240.43,38
Frederik,Connue,fconnue3p@twitter.com,Male,$27500.47,31
Emelda,Botley,ebotley3q@skyrock.com,Female,$21577.34,40
Hubey,Van der Son,hvanderson3r@123-reg.co.uk,Male,$20147.55,58
Jeanie,Alford,jalford3s@jiathis.com,Polygender,$47404.09,47
Barty,Manning,bmanning3t@mtv.com,Male,$43202.17,39
Guillemette,Novacek,gnovacek3u@unblog.fr,Female,$16082.59,22
Terry,Aseef,taseef3v@nasa.gov,Male,$22327.92,28
Dorolisa,Bennit,dbennit3w@360.cn,Female,$22097.67,30
Kitti,Casaroli,kcasaroli3x@artisteer.com,Female,$10533.61,28
Ronalda,Giorgione,rgiorgione3y@reddit.com,Female,$44955.71,43
Amalee,Langford,alangford3z@techcrunch.com,Female,$32571.95,42
Ichabod,Broe,ibroe40@indiatimes.com,Male,$11607.41,54
Ninnetta,Argont,nargont41@e-recht24.de,Female,$5139.72,27
Clare,Tiplady,ctiplady42@gizmodo.com,Male,$41301.43,47
Sheree,Headingham,sheadingham43@vimeo.com,Female,$4358.15,25
Ara,Prowting,aprowting44@goo.ne.jp,Female,$18916.21,45
Cyndi,Sprague,csprague45@bloomberg.com,Polygender,$46423.69,42
Georgeanne,Whysall,gwhysall46@myspace.com,Female,$34093.21,54
Tedmund,Whitlock,twhitlock47@geocities.jp,Male,$24056.03,50
Oren,Frere,ofrere48@hatena.ne.jp,Male,$47863.76,32
Jeffy,Boch,jboch49@cnn.com,Male,$21382.78,20
Cornelius,Ablott,cablott4a@etsy.com,Male,$9660.93,30
Ynes,Izzett,yizzett4b@delicious.com,Female,$35490.82,30
Debee,Aymeric,daymeric4c@dedecms.com,Female,$22679.53,21
Matthus,Sallarie,msallarie4d@furl.net,Male,$3411.58,24
Read,Mitroshinov,rmitroshinov4e@bbc.co.uk,Male,$10425.24,44
Jocko,Hawkslee,jhawkslee4f@xrea.com,Male,$12886.23,24
Delano,Syvret,dsyvret4g@technorati.com,Genderfluid,$36573.43,42
Alfons,Tolman,atolman4h@va.gov,Male,$18060.76,56
Katey,Bridie,kbridie4i@so-net.ne.jp,Female,$42753.28,42
Dayle,Vecard,dvecard4j@constantcontact.com,Female,$44590.14,28
Garrick,Donizeau,gdonizeau4k@yellowpages.com,Male,$27859.68,33
Elspeth,Pearce,epearce4l@boston.com,Female,$16580.00,43
Matthieu,Ciciura,mciciura4m@sbwire.com,Male,$33560.90,20
Alva,Ibert,aibert4n@wp.com,Male,$12756.57,27
Feodor,Favela,ffavela4o@shutterfly.com,Male,$39116.42,34
Grace,Sleicht,gsleicht4p@dropbox.com,Female,$9424.59,51
Wayland,Reilingen,wreilingen4q@xing.com,Male,$8102.82,43
Alyosha,Cheeney,acheeney4r@ihg.com,Male,$44512.12,36
Raoul,Conyard,rconyard4s@themeforest.net,Male,$3222.55,21
Shayla,Sterman,ssterman4t@elpais.com,Female,$45148.95,42
Marlowe,Jacqueminot,mjacqueminot4u@arizona.edu,Male,$18760.52,46
Reed,Durban,rdurban4v@google.co.uk,Male,$37881.79,58
Murvyn,Mellon,mmellon4w@barnesandnoble.com,Agender,$13534.06,46
Thomasina,Pareman,tpareman4x@huffingtonpost.com,Female,$49024.20,20
Cynde,Andreutti,candreutti4y@typepad.com,Female,$11550.10,42
Hodge,Pepperrall,hpepperrall4z@virginia.edu,Male,$29533.86,32
Bert,Willett,bwillett50@blogspot.com,Female,$5829.53,20
Brett,Acomb,bacomb51@desdev.cn,Male,$48591.55,45
Lurlene,Blasdale,lblasdale52@so-net.ne.jp,Female,$47925.66,22
Nari,Remnant,nremnant53@ifeng.com,Female,$30030.22,44
Fanechka,Charnick,fcharnick54@elpais.com,Female,$22273.95,32
Daisi,Simka,dsimka55@nba.com,Genderqueer,$29445.55,54
Flossie,Klimp,fklimp56@networksolutions.com,Female,$36408.56,59
Jade,Lockhart,jlockhart57@independent.co.uk,Non-binary,$17589.45,44
Eleonore,Merrilees,emerrilees58@opensource.org,Female,$28991.76,60
Katrine,Dany,kdany59@army.mil,Female,$46265.05,52
Jackqueline,Taw,jtaw5a@nifty.com,Female,$7653.87,33
Cleve,Jeggo,cjeggo5b@meetup.com,Male,$41419.15,21
Calli,Booy,cbooy5c@plala.or.jp,Female,$49715.40,48
Pansy,Aggott,paggott5d@ibm.com,Female,$43691.04,60
Jandy,Goodge,jgoodge5e@ibm.com,Non-binary,$31053.10,59
Mary,Rollin,mrollin5f@vkontakte.ru,Female,$17192.99,33
Marillin,Merrigan,mmerrigan5g@blogtalkradio.com,Female,$2588.76,54
Emanuele,Jarville,ejarville5h@howstuffworks.com,Male,$29721.45,59
Ben,Osbaldeston,bosbaldeston5i@buzzfeed.com,Male,$47208.64,53
Desiri,Orth,dorth5j@npr.org,Female,$34182.14,22
Isadore,Gersam,igersam5k@mysql.com,Genderfluid,$6088.70,38
Melamie,Satterly,msatterly5l@ucsd.edu,Female,$26547.22,40
Harwell,Etheridge,hetheridge5m@live.com,Male,$22434.35,39
Regina,Grayer,rgrayer5n@pbs.org,Non-binary,$22129.50,60
Olav,Kubanek,okubanek5o@washingtonpost.com,Male,$12822.96,60
Colet,Manssuer,cmanssuer5p@nps.gov,Male,$2015.78,60
Lizzie,Simpkiss,lsimpkiss5q@redcross.org,Female,$6131.38,38
Laurene,Sibbert,lsibbert5r@com.com,Polygender,$9197.13,21
Alina,Denzilow,adenzilow5s@forbes.com,Female,$3643.52,56
Clayson,Dinwoodie,cdinwoodie5t@typepad.com,Male,$18076.51,26
Graehme,Kennan,gkennan5u@dmoz.org,Male,$6801.09,37
Bud,McTrustrie,bmctrustrie5v@newyorker.com,Male,$14191.38,59
Holden,Talmadge,htalmadge5w@economist.com,Male,$6737.43,36
Starr,Netting,snetting5x@51.la,Bigender,$48293.44,43
Gradeigh,Lace,glace5y@wiley.com,Male,$7084.11,26
Domenic,Ashling,dashling5z@accuweather.com,Male,$48990.82,46
Reese,Smittoune,rsmittoune60@networkadvertising.org,Male,$33296.72,51
Nerissa,Gheraldi,ngheraldi61@drupal.org,Female,$14185.65,39
Vitoria,O'Sherrin,vosherrin62@jalbum.net,Female,$15621.26,33
Clio,Endrighi,cendrighi63@exblog.jp,Female,$11805.12,24
Woody,Guerri,wguerri64@simplemachines.org,Male,$19087.37,43
Aharon,Orneles,aorneles65@dmoz.org,Male,$26679.99,51
Magdalen,Seeds,mseeds66@nature.com,Female,$21907.05,59
Marv,Vannoort,mvannoort67@hao123.com,Male,$16025.65,34
Rutter,Ickovits,rickovits68@craigslist.org,Male,$37794.89,54
Tynan,Rickaby,trickaby69@amazon.co.uk,Polygender,$4963.74,24
Rheta,Pedro,rpedro6a@squidoo.com,Female,$20388.83,26
Mervin,Maddern,mmaddern6b@wordpress.com,Male,$9029.22,38
Godard,Bodell,gbodell6c@hud.gov,Bigender,$20001.95,33
Merry,McGeraghty,mmcgeraghty6d@behance.net,Male,$34114.56,34
Shayne,Labet,slabet6e@imdb.com,Female,$48225.02,33
Mortimer,Cordero,mcordero6f@google.cn,Male,$32574.79,22
Gabi,Fearnall,gfearnall6g@xinhuanet.com,Male,$44897.65,35
Burtie,Fielders,bfielders6h@gravatar.com,Male,$2137.96,39
Clare,Ousby,cousby6i@umich.edu,Female,$47649.33,30
Vaughn,Lissaman,vlissaman6j@bbc.co.uk,Male,$9857.30,26
Nance,Janny,njanny6k@yandex.ru,Female,$18720.53,59
Ingelbert,Barbier,ibarbier6l@washington.edu,Male,$38394.43,49
Calhoun,De Pietri,cdepietri6m@cyberchimps.com,Male,$36476.93,26
Sawyer,Chappelow,schappelow6n@biblegateway.com,Male,$13020.52,59
Delila,Marshalleck,dmarshalleck6o@intel.com,Female,$43174.39,44
Abagail,Nannetti,anannetti6p@soup.io,Female,$29379.89,47
Jud,Saffle,jsaffle6q@feedburner.com,Male,$29828.96,21
Daron,Goodall,dgoodall6r@sohu.com,Female,$45916.42,34
Vicki,Pettiward,vpettiward6s@devhub.com,Female,$6490.42,26
Shannon,Hadingham,shadingham6t@vk.com,Female,$17960.20,26
Carlin,Wanek,cwanek6u@harvard.edu,Male,$40879.04,46
Faunie,Russam,frussam6v@tinyurl.com,Female,$20773.97,32
Joanie,Babber,jbabber6w@tumblr.com,Female,$11861.79,25
Webb,Willatt,wwillatt6x@huffingtonpost.com,Male,$21478.71,31
Larina,Gregg,lgregg6y@narod.ru,Female,$45175.87,58
Eben,Merigot,emerigot6z@home.pl,Male,$5841.19,37
Maryl,Nisot,mnisot70@360.cn,Female,$20896.27,49
Arabella,Pidgin,apidgin71@flavors.me,Female,$44291.09,44
Verina,Nicklin,vnicklin72@g.co,Female,$40142.18,22
Crichton,Grain,cgrain73@miibeian.gov.cn,Male,$39861.35,41
Hersh,Spear,hspear74@sun.com,Male,$33134.30,37
Mateo,Bough,mbough75@answers.com,Male,$20104.62,28
Bentlee,Crenshaw,bcrenshaw76@wikia.com,Male,$26339.82,38
Roch,Leidl,rleidl77@utexas.edu,Female,$25688.58,49
Nichol,Haggarth,nhaggarth78@archive.org,Female,$36240.56,32
Renault,Hebbs,rhebbs79@goodreads.com,Male,$4848.00,21
Cyndie,Fricker,cfricker7a@livejournal.com,Female,$15463.74,33
Berry,Worsnap,bworsnap7b@bbb.org,Female,$48181.38,33
Nata,Aime,naime7c@bbc.co.uk,Female,$26588.84,28
Hermine,Foukx,hfoukx7d@deliciousdays.com,Polygender,$23012.91,42
Burke,Dugan,bdugan7e@rambler.ru,Bigender,$40500.61,52
Edsel,Deakes,edeakes7f@free.fr,Male,$36422.60,34
Carolus,Wellsman,cwellsman7g@soundcloud.com,Male,$30802.31,60
Reamonn,Spelman,rspelman7h@goo.gl,Male,$31336.20,23
Arabel,Godbald,agodbald7i@shutterfly.com,Female,$4683.64,49
Velma,Asmus,vasmus7j@plala.or.jp,Female,$39668.58,59
Bentley,Ralls,bralls7k@usatoday.com,Male,$26831.46,31
Francesca,Wilbore,fwilbore7l@xing.com,Female,$22013.55,37
Farly,Goublier,fgoublier7m@spiegel.de,Male,$6161.29,39
Esta,Cartmell,ecartmell7n@wiley.com,Female,$45400.83,29
Heath,O'Sherrin,hosherrin7o@oakley.com,Female,$29410.05,20
Kalle,Pirelli,kpirelli7p@imgur.com,Male,$11646.14,40
Nehemiah,Sibray,nsibray7q@1und1.de,Male,$47074.11,20
Francesco,Ickovitz,fickovitz7r@webnode.com,Male,$18275.54,26
Berkie,McAloren,bmcaloren7s@so-net.ne.jp,Male,$20239.07,29
Abbie,Mangan,amangan7t@yolasite.com,Male,$33329.64,21
Trula,Scapens,tscapens7u@answers.com,Female,$29362.39,28
Elsi,Garthside,egarthside7v@oakley.com,Female,$9728.06,38
Claudie,Covil,ccovil7w@icq.com,Female,$49148.78,57
Chic,Housby,chousby7x@netlog.com,Genderqueer,$10508.72,41
Gonzales,Birnie,gbirnie7y@reverbnation.com,Male,$22108.27,50
Rosalia,Doumerc,rdoumerc7z@goodreads.com,Female,$35979.89,21
Nikki,Bonifazio,nbonifazio80@wp.com,Male,$25530.35,48
Ned,Rabley,nrabley81@engadget.com,Male,$31968.73,20
Joby,Storcke,jstorcke82@youtu.be,Female,$39059.62,52
Hartley,Scothorn,hscothorn83@eepurl.com,Male,$24539.95,41
Wadsworth,Barnshaw,wbarnshaw84@plala.or.jp,Male,$24395.84,57
Skippie,McMichan,smcmichan85@wordpress.com,Male,$11742.49,41
Wilbur,Chazelas,wchazelas86@admin.ch,Male,$10326.93,50
Ashly,Dabinett,adabinett87@list-manage.com,Female,$40217.85,60
Lewes,Shambrooke,lshambrooke88@marketwatch.com,Male,$10226.90,44
Liva,Dumingo,ldumingo89@timesonline.co.uk,Female,$27825.95,26
Melli,Kupper,mkupper8a@whitehouse.gov,Female,$13069.92,30
Sean,Cinelli,scinelli8b@baidu.com,Female,$38321.90,47
Wynny,Batchley,wbatchley8c@soundcloud.com,Female,$44286.76,35
Lilith,Renfield,lrenfield8d@yale.edu,Female,$34694.72,26
Sutherland,Ulyat,sulyat8e@technorati.com,Male,$17943.88,25
Ermina,Agus,eagus8f@goodreads.com,Female,$29527.53,45
Josiah,Wann,jwann8g@businessinsider.com,Male,$13414.51,54
Foss,Cristoforo,fcristoforo8h@liveinternet.ru,Male,$5390.31,57
Ragnar,Reveley,rreveley8i@wikimedia.org,Genderfluid,$26674.74,47
Rosa,Pepler,rpepler8j@biglobe.ne.jp,Female,$36664.27,47
Hamish,Janton,hjanton8k@mapquest.com,Male,$19666.75,54
Vincenz,McRae,vmcrae8l@vkontakte.ru,Male,$11998.52,57
Loraine,Hallam,lhallam8m@slate.com,Female,$27804.01,33
Goldia,Edelheit,gedelheit8n@ted.com,Female,$21423.61,21
Elvyn,Allum,eallum8o@usa.gov,Male,$36300.49,51
Carmelia,Lovejoy,clovejoy8p@slate.com,Female,$9950.98,38
Hortensia,Stronge,hstronge8q@hhs.gov,Female,$45686.81,56
Jacqueline,Welberry,jwelberry8r@sakura.ne.jp,Female,$25586.16,34
Gloria,Wildes,gwildes8s@google.es,Female,$16338.73,47
Regen,Halston,rhalston8t@jiathis.com,Male,$14184.15,25
Meaghan,Hannum,mhannum8u@unesco.org,Female,$25510.90,32
Bess,Longworthy,blongworthy8v@about.com,Agender,$10035.41,21
Holt,Polycote,hpolycote8w@state.tx.us,Male,$25130.13,22
Eachelle,Waliszek,ewaliszek8x@cbslocal.com,Female,$34593.08,47
Arluene,Rodders,arodders8y@ted.com,Female,$36704.32,28
Nikki,Vondrach,nvondrach8z@netlog.com,Male,$18558.07,22
Janis,Ferrieres,jferrieres90@fc2.com,Female,$6656.37,50
Thorvald,Penhearow,tpenhearow91@techcrunch.com,Male,$28299.04,45
Keenan,Bendik,kbendik92@usatoday.com,Male,$48228.45,20
Carree,Darwood,cdarwood93@abc.net.au,Female,$24267.36,44
Monty,Priddis,mpriddis94@yahoo.com,Male,$48325.26,24
Garreth,MacDonell,gmacdonell95@goo.gl,Male,$36462.34,30
Humberto,Crinage,hcrinage96@tinypic.com,Male,$41935.55,41
Any,Clibbery,aclibbery97@prnewswire.com,Male,$25362.61,31
Yves,Emburey,yemburey98@posterous.com,Male,$34784.53,47
Leanor,Brehaut,lbrehaut99@pbs.org,Female,$23765.59,34
Lin,McCahill,lmccahill9a@state.gov,Female,$49376.73,54
Sky,Scafe,sscafe9b@nps.gov,Male,$18445.32,27
Cathe,Gligori,cgligori9c@dmoz.org,Female,$30392.24,41
Julia,Diss,jdiss9d@cdc.gov,Bigender,$35407.56,39
Reginauld,Beddon,rbeddon9e@youtu.be,Male,$13352.75,28
Liuka,Lazare,llazare9f@samsung.com,Female,$45577.39,49
Alexei,Dunthorne,adunthorne9g@dot.gov,Male,$25830.32,47
Cris,Sandford,csandford9h@behance.net,Male,$4519.88,42
Pammy,Lansberry,plansberry9i@addthis.com,Female,$8000.38,50
Albertina,Mothersole,amothersole9j@foxnews.com,Female,$46330.42,39
Leese,de Wilde,ldewilde9k@ifeng.com,Female,$47232.40,21
Kylen,Okroy,kokroy9l@typepad.com,Female,$2069.66,57
Ewell,Staley,estaley9m@japanpost.jp,Male,$38284.90,25
Jerrylee,Labrum,jlabrum9n@discovery.com,Female,$18580.93,46
Amil,Kielty,akielty9o@wikispaces.com,Female,$44601.05,32
Evangeline,Gadsby,egadsby9p@nytimes.com,Female,$46137.16,32
Bobbie,Frobisher,bfrobisher9q@pagesperso-orange.fr,Male,$9342.61,20
Marigold,Fetter,mfetter9r@blogtalkradio.com,Female,$38582.59,57
Maryellen,Reubens,mreubens9s@cbc.ca,Female,$44928.28,39
Thacher,Findlater,tfindlater9t@businessinsider.com,Male,$30878.58,60
Belicia,Bosson,bbosson9u@yelp.com,Female,$20022.94,34
Fred,Owttrim,fowttrim9v@ibm.com,Male,$45425.74,29
Corie,Feldmark,cfeldmark9w@e-recht24.de,Female,$8234.42,53
Stanfield,Del Dello,sdeldello9x@home.pl,Male,$30012.61,59
Donia,Titterrell,dtitterrell9y@vimeo.com,Female,$27827.74,27
Greta,Stackbridge,gstackbridge9z@mediafire.com,Female,$9201.28,31
Faulkner,Mathew,fmathewa0@bluehost.com,Male,$24734.17,30
Lek,Davinet,ldavineta1@economist.com,Male,$38928.19,52
Forster,Collar,fcollara2@ft.com,Male,$5718.19,53
Banky,Jasiak,bjasiaka3@sakura.ne.jp,Male,$23197.10,33
Mufi,Kingaby,mkingabya4@amazon.de,Agender,$36352.10,51
Lorne,Wasielewicz,lwasielewicza5@xinhuanet.com,Female,$45937.84,45
Thor,Viant,tvianta6@unesco.org,Male,$45393.76,44
Fredelia,Honeywood,fhoneywooda7@tumblr.com,Female,$28930.90,34
Matthieu,Sailer,msailera8@linkedin.com,Male,$40285.90,56
Rycca,Strasse,rstrassea9@msu.edu,Genderqueer,$11709.18,53
Letta,Boyda,lboydaaa@nymag.com,Female,$9551.31,46
Bearnard,Warricker,bwarrickerab@kickstarter.com,Male,$11718.51,35
Sigismundo,Cicchelli,scicchelliac@lulu.com,Male,$21190.57,26
Bruce,Korpal,bkorpalad@i2i.jp,Agender,$20995.24,46
Meryl,Abreheart,mabreheartae@accuweather.com,Female,$23976.52,50
Mario,Thirwell,mthirwellaf@bravesites.com,Male,$26569.03,29
Delano,Hardeman,dhardemanag@nature.com,Male,$44466.74,27
Kalindi,Shirer,kshirerah@booking.com,Female,$46223.13,27
Coop,Hobben,chobbenai@booking.com,Male,$35871.45,33
Lorianne,Mongeot,lmongeotaj@usgs.gov,Female,$44172.79,31
Valerye,Rosenboim,vrosenboimak@mysql.com,Female,$10769.36,31
Cairistiona,Crone,ccroneal@shutterfly.com,Female,$43352.26,50
Annmarie,Madders,amaddersam@joomla.org,Female,$46709.21,26
Ambrosio,Stapleton,astapletonan@sakura.ne.jp,Male,$4955.38,29
Norton,Derges,ndergesao@patch.com,Male,$8957.53,43
Jamima,Boleyn,jboleynap@sakura.ne.jp,Female,$47189.63,27
Clint,Hawsby,chawsbyaq@php.net,Male,$43421.50,58
Devonna,Tarte,dtartear@paginegialle.it,Female,$45156.23,26
Rudy,Rutgers,rrutgersas@bing.com,Male,$18475.61,52
Mahmud,Peter,mpeterat@digg.com,Male,$23567.19,24
Kelbee,Blasing,kblasingau@slashdot.org,Male,$37471.67,24
Niall,Gallear,ngallearav@deliciousdays.com,Male,$5675.50,24
Ursola,Kisby,ukisbyaw@elpais.com,Female,$32382.99,60
Bili,Apdell,bapdellax@sohu.com,Female,$17121.43,47
Aleece,Hadcroft,ahadcroftay@de.vu,Female,$27636.28,27
Iosep,Warfield,iwarfieldaz@npr.org,Male,$44439.83,27
Kane,Collister,kcollisterb0@behance.net,Male,$10944.53,44
Timmie,Hazlewood,thazlewoodb1@yahoo.com,Male,$37259.97,23
Valerie,Kacheller,vkachellerb2@economist.com,Female,$10113.59,34
Sancho,Bettis,sbettisb3@cloudflare.com,Male,$46596.76,39
Ursala,Gillespey,ugillespeyb4@yelp.com,Female,$35678.15,60
Armin,De Cleen,adecleenb5@cbc.ca,Male,$16959.02,41
Elsinore,Daggett,edaggettb6@ucsd.edu,Female,$46214.76,21
Emmett,Waugh,ewaughb7@ibm.com,Male,$33931.78,46
Aldus,Dorrins,adorrinsb8@sina.com.cn,Male,$24695.03,21
Myrlene,Stolle,mstolleb9@uiuc.edu,Female,$35220.52,25
Nanni,Simko,nsimkoba@oaic.gov.au,Female,$8856.30,58
Estevan,Alleyn,ealleynbb@wunderground.com,Male,$14597.81,60
Broddie,Goolding,bgooldingbc@usda.gov,Polygender,$15491.88,58
Clarissa,Vittore,cvittorebd@cloudflare.com,Female,$8236.71,50
Dorthea,Ranfield,dranfieldbe@cnbc.com,Female,$4416.86,31
Moishe,Dwine,mdwinebf@microsoft.com,Male,$6879.62,49
Dino,Jannequin,djannequinbg@archive.org,Male,$21739.24,30
Prent,McDonnell,pmcdonnellbh@cnn.com,Male,$25107.64,39
Jeddy,Robarts,jrobartsbi@rediff.com,Male,$6323.09,48
Culley,Peyro,cpeyrobj@hhs.gov,Male,$11494.39,31
Vern,Face,vfacebk@sbwire.com,Male,$13801.29,25
Chevy,Kyle,ckylebl@spotify.com,Bigender,$21526.94,49
Robin,Hindshaw,rhindshawbm@ovh.net,Male,$33362.95,52
Natalie,Oloshin,noloshinbn@google.nl,Female,$12506.42,45
Patin,Leverett,pleverettbo@economist.com,Bigender,$44637.51,58
Ted,McElvine,tmcelvinebp@kickstarter.com,Female,$25004.42,52
Ricca,Alu,ralubq@creativecommons.org,Non-binary,$24980.97,43
Arthur,Wedgwood,awedgwoodbr@bigcartel.com,Male,$40915.64,38
Lydia,Castagno,lcastagnobs@gravatar.com,Female,$3282.36,52
Lucilia,Trever,ltreverbt@abc.net.au,Female,$18359.73,43
Antoni,Atkin,aatkinbu@state.gov,Male,$47118.94,31
Grady,Soitoux,gsoitouxbv@mayoclinic.com,Male,$33405.63,43
Nert,Schruurs,nschruursbw@usatoday.com,Female,$33904.21,43
Oneida,Yanin,oyaninbx@spiegel.de,Female,$20063.59,28
Dionysus,Hacket,dhacketby@jimdo.com,Male,$5419.13,58
Hestia,Meuse,hmeusebz@cam.ac.uk,Female,$28334.37,35
Witty,Farncomb,wfarncombc0@hexun.com,Male,$2014.33,57
Brook,Blade,bbladec1@biglobe.ne.jp,Female,$13976.46,60
Ambrosius,Gradwell,agradwellc2@topsy.com,Male,$37020.10,33
Latashia,Alben,lalbenc3@usatoday.com,Female,$48803.44,42
Vilhelmina,Claasen,vclaasenc4@bigcartel.com,Female,$8309.24,32
Opaline,Annesley,oannesleyc5@artisteer.com,Female,$6679.35,37
Kimberli,Corselles,kcorsellesc6@cargocollective.com,Female,$13939.71,23
Merrili,Jedrych,mjedrychc7@hexun.com,Female,$6467.16,59
Anna-diane,Sickert,asickertc8@dmoz.org,Female,$21058.52,31
Arlette,Rookes,arookesc9@wiley.com,Female,$11914.37,37
Joelie,Girsch,jgirschca@mayoclinic.com,Genderqueer,$12082.05,55
Mil,Ovitz,movitzcb@slashdot.org,Female,$49736.37,54
Cullin,Levensky,clevenskycc@artisteer.com,Male,$37018.23,27
Georgi,Brimfield,gbrimfieldcd@flickr.com,Male,$19828.65,51
Cicily,Dunbavin,cdunbavince@creativecommons.org,Female,$15668.11,46
Effie,Rumke,erumkecf@pagesperso-orange.fr,Female,$47015.83,60
Pat,Hacking,phackingcg@e-recht24.de,Male,$20895.34,50
Doug,Forde,dfordech@elegantthemes.com,Male,$19628.89,53
Carmine,O' Flaherty,coflahertyci@macromedia.com,Male,$11700.86,59
Toinette,Rameau,trameaucj@businessweek.com,Female,$47118.53,22
Dell,Gealle,dgealleck@fda.gov,Female,$7866.46,54
Wilone,Planque,wplanquecl@accuweather.com,Female,$37297.86,24
Justus,Timoney,jtimoneycm@nytimes.com,Male,$34904.90,24
Maxie,Kays,mkayscn@imageshack.us,Male,$29673.87,60
Doralynne,Goodger,dgoodgerco@a8.net,Female,$36420.34,42
Samson,Wharmby,swharmbycp@bloglovin.com,Genderfluid,$44989.10,40
Lark,Merrigans,lmerriganscq@ucsd.edu,Female,$33178.97,31
Borden,Mallya,bmallyacr@shutterfly.com,Male,$43129.05,52
Rudolf,Vasilyev,rvasilyevcs@dailymail.co.uk,Male,$9167.07,56
Nevins,Bernet,nbernetct@sohu.com,Male,$32400.56,23
Thorin,Haysey,thayseycu@accuweather.com,Male,$16582.92,41
Link,Sellers,lsellerscv@tuttocitta.it,Male,$2170.34,60
Barnett,Calfe,bcalfecw@sfgate.com,Male,$21629.86,31
Doralia,Simoneschi,dsimoneschicx@microsoft.com,Female,$33593.62,44
Darn,Schleicher,dschleichercy@biglobe.ne.jp,Male,$9243.48,20
Fabien,Wakley,fwakleycz@cam.ac.uk,Male,$24604.01,51
Jarrett,Mirams,jmiramsd0@wsj.com,Male,$21855.12,26
Dalia,Rouke,drouked1@hexun.com,Female,$12234.94,38
Lee,Ipgrave,lipgraved2@washington.edu,Female,$34673.65,47
Susanna,Lemin,slemind3@opera.com,Female,$25067.03,58
Valentina,Castaneda,vcastanedad4@xing.com,Female,$43850.27,45
Armando,Bertwistle,abertwistled5@hubpages.com,Bigender,$29471.62,60
Lina,Farriar,lfarriard6@walmart.com,Female,$31354.51,21
Gale,Dyer,gdyerd7@tuttocitta.it,Male,$8342.14,56
Sergio,Jesse,sjessed8@dell.com,Male,$36504.55,51
Rubia,Loxdale,rloxdaled9@istockphoto.com,Female,$43758.73,33
Reeba,Kainz,rkainzda@diigo.com,Female,$49305.18,49
Weber,Robillart,wrobillartdb@slideshare.net,Male,$4316.18,22
Morgan,Poli,mpolidc@jimdo.com,Male,$17167.96,57
Rogerio,Painter,rpainterdd@is.gd,Male,$6709.50,28
Urbain,Zamboniari,uzamboniaride@ifeng.com,Male,$20147.54,39
Pen,Narracott,pnarracottdf@bbb.org,Female,$4241.99,36
Ardath,Zimmermanns,azimmermannsdg@boston.com,Female,$36150.19,28
Jimmie,Kirvell,jkirvelldh@wikimedia.org,Genderqueer,$34152.02,35
Sheridan,Thomton,sthomtondi@purevolume.com,Male,$36977.28,60
Darius,Blay,dblaydj@gravatar.com,Male,$23145.76,35
Rosalind,Antonutti,rantonuttidk@hp.com,Female,$36306.94,52
Alisun,Warrier,awarrierdl@sohu.com,Female,$34687.70,30
Sioux,Kinnett,skinnettdm@simplemachines.org,Female,$21392.63,50
Pamelina,Kitching,pkitchingdn@tripadvisor.com,Female,$29780.44,37
Lukas,Sivell,lsivelldo@slideshare.net,Male,$17342.85,20
Elora,Befroy,ebefroydp@google.com,Female,$32164.59,53
Norrie,Brugman,nbrugmandq@java.com,Male,$23934.36,35
Ashlin,De La Salle,adelasalledr@digg.com,Male,$22090.11,57
Grace,Thurlborn,gthurlbornds@drupal.org,Male,$5077.90,51
Marcile,Minucci,mminuccidt@nationalgeographic.com,Female,$13335.51,53
Antonella,Twamley,atwamleydu@boston.com,Female,$36450.41,56
Eddy,Lefridge,elefridgedv@t.co,Female,$30856.77,40
Cristian,Roseborough,croseboroughdw@nytimes.com,Male,$47669.98,47
Edith,Leyzell,eleyzelldx@myspace.com,Female,$41073.08,39
Ingram,Cargo,icargody@histats.com,Male,$45278.30,24
Jo-anne,Whittock,jwhittockdz@geocities.com,Female,$45380.67,24
Dannie,Sim,dsime0@wikispaces.com,Female,$24867.88,32
Godiva,Braybrookes,gbraybrookese1@cdc.gov,Female,$45862.91,39
Grantley,Cadney,gcadneye2@nsw.gov.au,Non-binary,$7627.99,50
Forester,Sissot,fsissote3@foxnews.com,Male,$32398.59,41
Port,Piatkow,ppiatkowe4@google.com.hk,Male,$14353.68,38
Tracee,Worssam,tworssame5@themeforest.net,Female,$34899.19,26
Patton,Bodega,pbodegae6@amazon.com,Male,$30187.85,32
Dorelia,Vila,dvilae7@pinterest.com,Female,$48506.72,53
Dorette,Tupie,dtupiee8@marriott.com,Female,$38664.38,40
Dierdre,Lakenden,dlakendene9@joomla.org,Female,$12739.80,43
Kizzie,Cockrill,kcockrillea@narod.ru,Female,$41185.56,20
Ricardo,Jorez,rjorezeb@google.com.br,Male,$27161.91,43
Rod,Snap,rsnapec@reference.com,Male,$36976.63,36
Jervis,Lownsbrough,jlownsbroughed@princeton.edu,Male,$19045.13,59
Doris,Headington,dheadingtonee@jimdo.com,Bigender,$36372.75,37
Latrina,McWhan,lmcwhanef@addthis.com,Female,$46970.96,57
Gayle,Ernshaw,gernshaweg@wordpress.org,Female,$47068.10,26
Jessalyn,MacCartair,jmaccartaireh@amazon.de,Female,$23611.79,59
Uta,Bordis,ubordisei@usnews.com,Female,$12176.79,20
Bernie,Keningham,bkeninghamej@digg.com,Male,$3031.51,56
Shirlee,Munford,smunfordek@vinaora.com,Female,$8011.11,46
Kerri,Tootin,ktootinel@mail.ru,Female,$16645.67,43
Barnabas,Filipyev,bfilipyevem@java.com,Male,$45060.50,23
Anastassia,Reboul,areboulen@phpbb.com,Female,$7134.38,35
Richmound,Alpine,ralpineeo@g.co,Male,$49808.80,37
Alden,Farquharson,afarquharsonep@columbia.edu,Male,$48852.66,58
Seth,Zylbermann,szylbermanneq@ca.gov,Genderfluid,$31972.74,51
Everett,Laundon,elaundoner@bigcartel.com,Male,$42184.94,41
Talyah,Drife,tdrifees@prweb.com,Genderqueer,$13623.04,48
Eve,O' Culligan,eoculliganet@sourceforge.net,Female,$14376.59,23
Paulette,Rosenfield,prosenfieldeu@com.com,Female,$40368.67,44
Fidelity,Rieger,friegerev@simplemachines.org,Female,$32945.10,52
Deonne,Castagnaro,dcastagnaroew@google.com.br,Female,$8511.56,52
Finley,Thay,fthayex@barnesandnoble.com,Male,$36037.64,58
Damian,Drepp,ddreppey@google.com.hk,Male,$48050.50,40
Sherwynd,Meric,smericez@hubpages.com,Male,$6564.64,56
Dennison,Baptist,dbaptistf0@sfgate.com,Male,$14538.38,41
Wilt,Toma,wtomaf1@answers.com,Male,$42681.23,56
Malchy,Kliche,mklichef2@chicagotribune.com,Male,$24640.71,53
Susanne,Hinsch,shinschf3@ask.com,Bigender,$36279.30,60
Ardenia,Phoebe,aphoebef4@posterous.com,Female,$43217.89,26
Ruperto,Mabbe,rmabbef5@nasa.gov,Male,$6378.98,38
Pat,Stennings,pstenningsf6@surveymonkey.com,Male,$45911.04,39
Emilio,Zohrer,ezohrerf7@aboutads.info,Male,$14800.20,33
Gloriane,Duval,gduvalf8@answers.com,Female,$28633.68,44
Adriaens,Lakes,alakesf9@wufoo.com,Female,$8080.41,51
Julissa,McGilbon,jmcgilbonfa@comsenz.com,Female,$38205.08,40
Noel,Alti,naltifb@tripadvisor.com,Female,$49899.92,48
Ileana,Rysdale,irysdalefc@dailymail.co.uk,Female,$9959.42,49
Wilma,Kettlestring,wkettlestringfd@taobao.com,Female,$25267.03,48
Toma,Gipp,tgippfe@diigo.com,Female,$17959.69,43
Rosalynd,Barensen,rbarensenff@nydailynews.com,Female,$5918.67,44
Spike,Abeles,sabelesfg@nba.com,Male,$39619.23,33
Marti,Bullough,mbulloughfh@imageshack.us,Female,$27851.48,59
Jonah,Mitkcov,jmitkcovfi@nyu.edu,Male,$3246.47,47
Mira,Lehon,mlehonfj@psu.edu,Female,$2845.80,33
Beilul,Thorby,bthorbyfk@furl.net,Female,$12944.56,54
Dennison,Lamble,dlamblefl@unblog.fr,Male,$3441.38,57
Helli,Killingsworth,hkillingsworthfm@a8.net,Female,$14099.39,57
Jo,Tissington,jtissingtonfn@yelp.com,Male,$23205.07,43
Deloris,Norssister,dnorssisterfo@fda.gov,Female,$10751.97,49
Philomena,Andri,pandrifp@google.ca,Female,$35488.91,55
Delbert,Ruthven,druthvenfq@a8.net,Male,$37422.79,29
Rivi,Druery,rdrueryfr@alibaba.com,Female,$20579.76,24
Eleni,Radsdale,eradsdalefs@nymag.com,Female,$33232.72,40
Colline,Kender,ckenderft@uiuc.edu,Female,$24834.94,56
Sherrie,Brattell,sbrattellfu@sciencedaily.com,Female,$46601.32,38
Maribel,Findlow,mfindlowfv@webs.com,Female,$44766.57,29
Bernarr,Bockings,bbockingsfw@wisc.edu,Male,$44400.70,24
Ahmed,Eagles,aeaglesfx@amazon.de,Male,$49033.53,36
Keslie,Allibone,kallibonefy@fastcompany.com,Female,$9811.60,23
Tori,Semiras,tsemirasfz@google.cn,Female,$21314.13,46
Jameson,Creber,jcreberg0@topsy.com,Male,$3751.02,51
Vonni,Mawd,vmawdg1@elpais.com,Female,$30066.58,55
Stanly,Rivalland,srivallandg2@reverbnation.com,Male,$38244.36,21
Eustace,McClancy,emcclancyg3@ox.ac.uk,Male,$3782.84,36
Ester,Coit,ecoitg4@tiny.cc,Female,$26867.90,21
Henry,Trayton,htraytong5@theguardian.com,Male,$22514.92,42
Marji,Woolam,mwoolamg6@exblog.jp,Genderqueer,$17383.76,23
Simmonds,Bate,sbateg7@smugmug.com,Male,$15470.71,20
Aylmar,Pundy,apundyg8@google.co.jp,Male,$18163.40,39
Der,Baggallay,dbaggallayg9@howstuffworks.com,Male,$36320.36,57
Kipper,Ledster,kledsterga@ed.gov,Male,$13510.72,30
Inna,Lipmann,ilipmanngb@feedburner.com,Female,$12171.74,45
Floris,Tiplady,ftipladygc@github.io,Female,$27198.03,30
Derk,Brims,dbrimsgd@storify.com,Male,$48885.15,45
Linnet,Cassius,lcassiusge@cisco.com,Genderqueer,$44071.37,50
Gabrila,Roubert,groubertgf@reddit.com,Non-binary,$33226.65,32
Baron,Iwanowski,biwanowskigg@dot.gov,Male,$8368.07,48
Inglebert,Bufton,ibuftongh@shareasale.com,Male,$18308.38,20
Peggi,Crothers,pcrothersgi@phoca.cz,Female,$5143.55,38
Monte,Clearley,mclearleygj@istockphoto.com,Male,$14202.21,43
Giffard,Coneron,gconerongk@unesco.org,Male,$45332.77,40
Adiana,Every,aeverygl@walmart.com,Female,$44922.99,54
Olva,Bahls,obahlsgm@phpbb.com,Female,$23753.02,46
Prudence,Cuddon,pcuddongn@behance.net,Female,$31858.05,40
Winifred,Viollet,wviolletgo@shutterfly.com,Female,$29380.38,48
Ellsworth,Fancott,efancottgp@pen.io,Male,$5598.04,59
Ninon,Elfe,nelfegq@oracle.com,Female,$35363.07,22
Thomasina,Tender,ttendergr@nhs.uk,Female,$10406.13,33
Gerta,Kilcoyne,gkilcoynegs@studiopress.com,Female,$19494.40,20
Christabel,Larby,clarbygt@sbwire.com,Female,$48708.20,24
Bill,Gauchier,bgauchiergu@ca.gov,Female,$18801.47,54
Amberly,Klemensiewicz,aklemensiewiczgv@rediff.com,Female,$21144.90,58
Mirabel,Blowen,mblowengw@nasa.gov,Female,$14314.80,46
Rozina,Boshers,rboshersgx@economist.com,Female,$27731.65,37
Filmore,McInteer,fmcinteergy@unblog.fr,Male,$29272.46,34
Amerigo,Kornel,akornelgz@hp.com,Male,$14923.31,34
Farra,Osman,fosmanh0@creativecommons.org,Female,$49651.00,50
Esdras,Deeth,edeethh1@tripadvisor.com,Male,$12587.70,45
Honoria,Reisenstein,hreisensteinh2@bigcartel.com,Female,$31859.32,31
Petronia,Pittel,ppittelh3@tinyurl.com,Female,$21181.39,32
Les,Eilhertsen,leilhertsenh4@ebay.com,Male,$6398.14,57
Sig,Kettlestringe,skettlestringeh5@tamu.edu,Male,$10142.81,44
Hulda,Bellelli,hbellellih6@merriam-webster.com,Female,$10608.43,56
Inigo,Carnegy,icarnegyh7@baidu.com,Male,$21474.01,60
Neysa,Hartropp,nhartropph8@storify.com,Female,$25648.17,21
Yorke,Wybern,ywybernh9@google.ca,Male,$35305.78,21
Bendix,Gwinnell,bgwinnellha@ustream.tv,Male,$28168.33,34
Colver,MacMaykin,cmacmaykinhb@yellowpages.com,Male,$35398.93,28
Nike,Pomphrett,npomphretthc@canalblog.com,Female,$18243.16,39
Gleda,Tumilty,gtumiltyhd@edublogs.org,Female,$26386.14,38
Hayyim,Wantling,hwantlinghe@amazon.co.jp,Male,$23376.22,49
Shelby,Bosence,sbosencehf@quantcast.com,Female,$45774.34,46
Luigi,Brimble,lbrimblehg@digg.com,Non-binary,$3535.84,49
Lamont,Greenmon,lgreenmonhh@naver.com,Male,$14040.34,55
Arin,Catterick,acatterickhi@i2i.jp,Male,$35190.33,55
Anita,Tinklin,atinklinhj@typepad.com,Female,$12161.19,27
Wat,Worstall,wworstallhk@abc.net.au,Male,$38665.57,25
Eugen,Piotr,epiotrhl@unicef.org,Male,$20149.67,34
Stefanie,Mc Comb,smccombhm@nyu.edu,Female,$5342.68,53
Edy,Raw,erawhn@wp.com,Female,$17264.01,36
Carleen,Glanders,cglandersho@mtv.com,Female,$16239.90,42
Udall,Hallstone,uhallstonehp@tinyurl.com,Male,$31160.88,20
Laney,Petchell,lpetchellhq@etsy.com,Male,$8924.04,30
Park,Stealy,pstealyhr@jugem.jp,Male,$5282.42,56
Carmel,Wardell,cwardellhs@amazon.de,Female,$16517.56,29
Mead,Silverlock,msilverlockht@businessinsider.com,Male,$8603.24,20
Avivah,Plant,aplanthu@nsw.gov.au,Genderqueer,$21639.56,28
Alyosha,Cheley,acheleyhv@topsy.com,Genderqueer,$3571.93,20
Sidoney,Cribbin,scribbinhw@de.vu,Bigender,$27903.65,31
Margalit,Mazzeo,mmazzeohx@intel.com,Female,$47084.49,34
Malachi,Bess,mbesshy@sphinn.com,Male,$4060.84,25
Mark,Lucian,mlucianhz@studiopress.com,Male,$13231.83,53
Harlie,Ratazzi,hratazzii0@tinypic.com,Female,$37434.89,50
Napoleon,Possek,nposseki1@npr.org,Male,$38442.35,43
Leanna,Windows,lwindowsi2@google.it,Female,$36277.26,40
Fredi,Darley,fdarleyi3@smh.com.au,Female,$19802.81,40
Pierrette,Spinozzi,pspinozzii4@geocities.jp,Female,$6089.80,39
Carmencita,Barenskie,cbarenskiei5@mozilla.org,Female,$41289.13,40
Lowrance,Le Claire,lleclairei6@hhs.gov,Male,$17701.98,21
Melosa,Culvey,mculveyi7@noaa.gov,Female,$14592.24,27
Kevina,Conew,kconewi8@netscape.com,Female,$41453.90,59
Moritz,Gilbard,mgilbardi9@desdev.cn,Male,$37242.35,55
Marice,Thorndale,mthorndaleia@1688.com,Female,$11688.80,25
Tabby,Roelofs,troelofsib@drupal.org,Male,$7059.73,54
Melessa,Raffels,mraffelsic@wikimedia.org,Female,$48486.39,29
Meris,Southard,msouthardid@foxnews.com,Female,$26844.48,60
Marrilee,Jacquemy,mjacquemyie@epa.gov,Female,$47856.42,52
Ike,Denecamp,idenecampif@wufoo.com,Male,$47719.78,40
Janeen,Busfield,jbusfieldig@howstuffworks.com,Female,$4288.05,46
Orv,Livingstone,olivingstoneih@whitehouse.gov,Male,$36545.60,31
Rab,Newlands,rnewlandsii@squidoo.com,Male,$49104.30,40
Holly,Dudden,hduddenij@washingtonpost.com,Female,$30051.59,58
Haslett,Chidgey,hchidgeyik@topsy.com,Male,$26713.48,24
Heinrik,Storek,hstorekil@hexun.com,Male,$28851.42,28
Mira,Fonzone,mfonzoneim@drupal.org,Agender,$48044.50,33
Townie,Turk,tturkin@spiegel.de,Agender,$31866.84,27
Margery,Sappson,msappsonio@ebay.com,Female,$16115.99,40
Lorrayne,Astill,lastillip@furl.net,Female,$27627.77,59
Louise,Bonham,lbonhamiq@nationalgeographic.com,Female,$3724.19,41
Petey,McLauchlin,pmclauchlinir@wp.com,Male,$34576.64,37
Nelle,Batchelor,nbatcheloris@tinyurl.com,Female,$45126.91,48
Ingaberg,Cathery,icatheryit@shop-pro.jp,Female,$22003.68,30
Binny,Farmery,bfarmeryiu@zimbio.com,Female,$10590.17,26
Edward,Scallan,escallaniv@yahoo.com,Male,$18699.35,44
Jayne,Hanby,jhanbyiw@netscape.com,Female,$47502.47,57
Jory,Tyce,jtyceix@soup.io,Male,$30212.67,36
Niel,Maase,nmaaseiy@theglobeandmail.com,Male,$37418.41,31
Kimbell,Vakhlov,kvakhloviz@linkedin.com,Male,$41714.58,60
Elna,Riddington,eriddingtonj0@ask.com,Female,$37924.18,59
Colet,Tunnadine,ctunnadinej1@miitbeian.gov.cn,Male,$10248.37,28
Midge,Orrey,morreyj2@buzzfeed.com,Female,$41211.51,37
Dylan,Fidgett,dfidgettj3@opera.com,Male,$18010.39,37
Jillane,Isley,jisleyj4@washingtonpost.com,Female,$34963.83,58
Gretna,Glandfield,gglandfieldj5@tuttocitta.it,Female,$39039.95,20
Jaimie,Iacavone,jiacavonej6@auda.org.au,Male,$33641.29,35
Vera,Keasy,vkeasyj7@imgur.com,Female,$27673.05,51
Rosella,Scarlon,rscarlonj8@microsoft.com,Female,$35822.96,57
Olivia,Winscomb,owinscombj9@taobao.com,Genderfluid,$40666.64,20
Elisha,Rouzet,erouzetja@accuweather.com,Male,$35696.30,44
Dorelle,Flescher,dflescherjb@google.ca,Female,$35678.43,56
Adan,Merring,amerringjc@google.nl,Male,$12099.61,42
Pippy,Durtnall,pdurtnalljd@sakura.ne.jp,Female,$19326.01,28
Pepito,Neasam,pneasamje@hubpages.com,Male,$47012.42,49
Dulsea,Alderton,daldertonjf@stanford.edu,Female,$26008.98,33
Wilden,Tuffield,wtuffieldjg@wikispaces.com,Male,$4265.67,40
Gustavus,Ghidotti,gghidottijh@uiuc.edu,Male,$9341.23,55
Reinold,Hillin,rhillinji@issuu.com,Male,$2480.26,59
Norina,Alders,naldersjj@youtu.be,Female,$41956.72,39
Alane,Carlo,acarlojk@shareasale.com,Female,$2839.12,47
Juliana,Nannizzi,jnannizzijl@dropbox.com,Agender,$24449.00,40
Christoper,Bortoloni,cbortolonijm@cnet.com,Bigender,$33333.43,59
Mable,Bastiman,mbastimanjn@jigsy.com,Female,$34423.53,38
Prissie,Scrancher,pscrancherjo@wiley.com,Female,$43944.52,38
Udall,Denkin,udenkinjp@desdev.cn,Male,$14144.24,32
Collin,Paydon,cpaydonjq@yahoo.com,Male,$49326.49,56
Zuzana,Seagrave,zseagravejr@yahoo.co.jp,Female,$9042.17,42
Gustav,Wolfendell,gwolfendelljs@mozilla.com,Male,$6891.10,25
Timmy,Tedahl,ttedahljt@free.fr,Male,$21377.05,53
Seamus,Mackness,smacknessju@dropbox.com,Male,$45765.24,53
Nicole,Sampson,nsampsonjv@purevolume.com,Female,$26935.76,30
Anna-maria,Ryson,arysonjw@rakuten.co.jp,Female,$38428.16,33
Corabella,Basten,cbastenjx@oakley.com,Female,$44412.16,23
Andria,Overstreet,aoverstreetjy@paypal.com,Female,$42221.38,50
Hank,Renouf,hrenoufjz@artisteer.com,Male,$17545.96,60
Ambros,Netting,anettingk0@rakuten.co.jp,Male,$4034.36,35
Elijah,Wilce,ewilcek1@bing.com,Male,$23493.18,21
Scotti,Klassman,sklassmank2@networkadvertising.org,Bigender,$4965.80,33
Abramo,Kubu,akubuk3@naver.com,Male,$46243.01,54
Marrissa,Darridon,mdarridonk4@amazon.co.jp,Female,$43998.87,55
Olivero,Lantry,olantryk5@sitemeter.com,Male,$48454.32,55
Felike,Liepmann,fliepmannk6@cyberchimps.com,Male,$22201.82,53
Ola,Wrist,owristk7@last.fm,Female,$40665.21,50
Alexandre,Maidment,amaidmentk8@admin.ch,Male,$33909.57,49
Margot,Al Hirsi,malhirsik9@newsvine.com,Female,$44230.01,56
Alex,Calderon,acalderonka@berkeley.edu,Male,$43492.54,56
Barbi,Almak,balmakkb@arstechnica.com,Female,$7962.43,29
Sheff,Cater,scaterkc@joomla.org,Male,$26457.36,51
Ramona,Gale,rgalekd@shutterfly.com,Female,$49901.31,33
Bonnie,Roxburgh,broxburghke@eventbrite.com,Female,$43297.69,23
Thor,McTaggart,tmctaggartkf@census.gov,Male,$26959.72,38
Lin,Yonge,lyongekg@webeden.co.uk,Female,$17189.34,57
Israel,Foord,ifoordkh@imgur.com,Male,$17210.43,37
Odele,Matley,omatleyki@myspace.com,Genderqueer,$4778.51,35
Leland,Arniz,larnizkj@admin.ch,Female,$16198.99,53
Wendi,Baudinelli,wbaudinellikk@xrea.com,Genderqueer,$14865.30,34
Brew,Birchett,bbirchettkl@fastcompany.com,Agender,$18200.97,60
Maxine,Rowley,mrowleykm@webmd.com,Female,$18933.11,29
Bowie,Philippsohn,bphilippsohnkn@elpais.com,Male,$25601.57,38
Puff,Willden,pwilldenko@salon.com,Male,$18143.61,23
Bertie,Faltin,bfaltinkp@hp.com,Male,$4449.53,22
Georas,Phant,gphantkq@cisco.com,Male,$10213.60,34
Sigfried,Kubczak,skubczakkr@va.gov,Male,$27832.13,33
Barnabas,Mccaull,bmccaullks@icio.us,Male,$25441.52,27
Brendon,Glavis,bglaviskt@google.de,Male,$10484.74,52
Giacomo,Byram,gbyramku@webnode.com,Male,$3098.08,50
Catha,Kristufek,ckristufekkv@over-blog.com,Female,$3040.59,41
Alma,Petrelluzzi,apetrelluzzikw@amazonaws.com,Female,$25134.49,33
Weylin,Nealy,wnealykx@jigsy.com,Male,$37235.72,44
Netti,Mengue,nmengueky@ameblo.jp,Female,$33310.26,52
Almeta,Lownes,alowneskz@netvibes.com,Female,$37107.75,54
Georgine,Giordano,ggiordanol0@ft.com,Female,$15511.31,33
Clare,Vondrach,cvondrachl1@t.co,Non-binary,$15347.93,49
Koral,Olligan,kolliganl2@sakura.ne.jp,Female,$23246.78,36
Nat,Babbage,nbabbagel3@vkontakte.ru,Female,$15259.04,54
Phebe,Martschik,pmartschikl4@sciencedirect.com,Female,$49962.59,42
Kelwin,Kleinbaum,kkleinbauml5@harvard.edu,Male,$20506.86,31
Pavel,Ygoe,pygoel6@tuttocitta.it,Male,$38455.53,26
Greggory,Lambie,glambiel7@edublogs.org,Male,$5608.61,23
Bord,Cranmore,bcranmorel8@nifty.com,Male,$37618.70,21
Vincenty,Featonby,vfeatonbyl9@cafepress.com,Bigender,$45292.82,50
Addison,Cornier,acornierla@gizmodo.com,Male,$39103.34,38
Frederic,Stagge,fstaggelb@a8.net,Male,$32408.14,56
Nada,Charter,ncharterlc@meetup.com,Female,$46245.91,20
Humfrid,Simond,hsimondld@gmpg.org,Male,$6993.61,33
Iormina,Honeyghan,ihoneyghanle@auda.org.au,Non-binary,$39607.15,48
Roarke,Killingsworth,rkillingsworthlf@arstechnica.com,Male,$8501.96,30
Jolyn,Scotchmor,jscotchmorlg@bloomberg.com,Non-binary,$42710.37,45
Norrie,Mawne,nmawnelh@creativecommons.org,Male,$2258.30,50
Lebbie,Godbald,lgodbaldli@archive.org,Genderfluid,$20321.72,43
Esra,Hatcliffe,ehatcliffelj@friendfeed.com,Male,$15178.88,33
Ginelle,Harwood,gharwoodlk@nhs.uk,Female,$47613.21,32
Maude,Nudd,mnuddll@scientificamerican.com,Female,$16228.74,39
Carissa,Finnan,cfinnanlm@imageshack.us,Female,$21444.24,25
Rhianna,Penhallurick,rpenhallurickln@stumbleupon.com,Non-binary,$20386.80,31
Sianna,Melato,smelatolo@cdbaby.com,Female,$18413.76,27
Kippie,Senescall,ksenescalllp@fc2.com,Female,$3023.11,34
Blanca,Foldes,bfoldeslq@mediafire.com,Female,$35231.63,56
Emmey,Kasbye,ekasbyelr@youku.com,Female,$34248.23,22
Dalenna,Orhrt,dorhrtls@dailymotion.com,Female,$39641.22,47
Rafi,Bengoechea,rbengoechealt@qq.com,Male,$12139.41,42
Wang,Priddie,wpriddielu@ezinearticles.com,Non-binary,$31147.96,51
Elfreda,Fyndon,efyndonlv@acquirethisname.com,Female,$46271.63,31
Claresta,Hanrott,chanrottlw@weather.com,Female,$7369.20,30
Howard,Shouler,hshoulerlx@go.com,Male,$43462.31,42
Rodolphe,Fitton,rfittonly@ning.com,Male,$6238.60,26
Isidoro,Chaplyn,ichaplynlz@example.com,Bigender,$43013.34,26
Sanderson,Mulloch,smullochm0@gov.uk,Male,$32707.95,32
Kendell,McElree,kmcelreem1@blinklist.com,Male,$36577.13,60
Leon,Cessford,lcessfordm2@tmall.com,Male,$3034.75,60
Henka,Balderstone,hbalderstonem3@storify.com,Female,$13155.15,52
Eziechiele,Plenderleith,eplenderleithm4@java.com,Male,$13046.59,28
Borden,Gricks,bgricksm5@studiopress.com,Male,$10089.13,51
Corrine,Huddles,chuddlesm6@loc.gov,Female,$44196.52,20
Wildon,Sieghart,wsieghartm7@huffingtonpost.com,Genderqueer,$13399.67,22
Artur,Roskruge,aroskrugem8@usa.gov,Male,$23903.19,26
Grenville,Caizley,gcaizleym9@hc360.com,Bigender,$39288.62,44
Alphonse,Hazley,ahazleyma@nps.gov,Male,$3518.49,38
Karlan,Yakovlev,kyakovlevmb@gov.uk,Male,$12852.28,44
Hillard,Duddy,hduddymc@walmart.com,Male,$40483.23,52
Davidde,Vallentin,dvallentinmd@eepurl.com,Male,$2179.28,20
Abey,Haughton,ahaughtonme@si.edu,Male,$14471.18,29
Percival,Ambresin,pambresinmf@topsy.com,Male,$44708.31,38
Vick,Bouette,vbouettemg@ucoz.ru,Male,$28662.26,50
Hilario,Van Niekerk,hvanniekerkmh@utexas.edu,Male,$49791.50,22
Gibbie,Curle,gcurlemi@spiegel.de,Male,$20946.42,38
Joseph,Paz,jpazmj@cam.ac.uk,Male,$7183.64,30
Aldwin,Porteous,aporteousmk@walmart.com,Male,$39484.97,32
Frasco,Costelloe,fcostelloeml@youku.com,Bigender,$32047.47,50
Roxie,Abbie,rabbiemm@usgs.gov,Genderqueer,$18038.37,29
Sabine,Wetheril,swetherilmn@stumbleupon.com,Female,$12113.48,37
Ted,Peaurt,tpeaurtmo@theatlantic.com,Female,$49072.20,41
Mead,Tipping,mtippingmp@amazonaws.com,Polygender,$16577.82,20
Renaud,De Michele,rdemichelemq@theglobeandmail.com,Male,$6733.81,36
Bianka,Wanek,bwanekmr@reference.com,Female,$16600.28,57
Margie,Woolard,mwoolardms@reference.com,Female,$37036.01,39
Kenton,Escot,kescotmt@pen.io,Male,$23399.75,41
Janenna,Lacky,jlackymu@google.ca,Genderfluid,$15738.79,53
Gaultiero,Saylor,gsaylormv@harvard.edu,Genderqueer,$45986.53,31
Velvet,Wickes,vwickesmw@theatlantic.com,Non-binary,$10470.33,45
Petr,Darth,pdarthmx@cyberchimps.com,Bigender,$25654.65,23
Reamonn,Izzett,rizzettmy@biblegateway.com,Male,$42120.82,41
Linc,Kuhle,lkuhlemz@gnu.org,Male,$26762.77,23
Linet,Rainbow,lrainbown0@netlog.com,Female,$20984.74,32
Marisa,Blanpein,mblanpeinn1@census.gov,Agender,$13697.57,42
Bethena,Wishart,bwishartn2@thetimes.co.uk,Female,$38271.49,22
Brody,Cornejo,bcornejon3@xinhuanet.com,Male,$42100.25,54
Ariana,Slowey,asloweyn4@google.fr,Female,$32725.72,41
Napoleon,Whetland,nwhetlandn5@slate.com,Genderfluid,$17157.64,20
Skipp,Attyeo,sattyeon6@bbc.co.uk,Male,$13232.08,48
Sophronia,Fawke,sfawken7@networksolutions.com,Female,$42631.58,53
Nevins,Antrobus,nantrobusn8@goo.ne.jp,Male,$41175.16,50
Ava,Earwicker,aearwickern9@sfgate.com,Female,$9016.72,48
Sebastiano,Spoors,sspoorsna@nbcnews.com,Male,$11817.36,52
Lacee,Valente,lvalentenb@unicef.org,Female,$26680.07,24
Birgit,Makeswell,bmakeswellnc@xing.com,Female,$38402.58,36
Jolyn,Folkard,jfolkardnd@tumblr.com,Female,$41317.85,48
Chrisy,Teather,cteatherne@nsw.gov.au,Agender,$26793.57,29
Amory,Widdowes,awiddowesnf@comcast.net,Male,$44673.31,23
Jorgan,Wickman,jwickmanng@storify.com,Male,$25170.56,37
Shandee,Tollow,stollownh@biglobe.ne.jp,Female,$13843.57,25
Benito,Ayree,bayreeni@dailymail.co.uk,Genderqueer,$44722.60,42
Jayme,Temperley,jtemperleynj@si.edu,Female,$42659.55,51
Petr,Edworthy,pedworthynk@drupal.org,Male,$46247.63,27
Tabby,Young,tyoungnl@flavors.me,Female,$15112.56,47
Alexis,Stud,astudnm@howstuffworks.com,Female,$19119.04,48
Blondelle,Eley,beleynn@fda.gov,Polygender,$37795.60,29
Inglebert,Christophers,ichristophersno@mac.com,Male,$31769.83,53
Tandi,Stockell,tstockellnp@comcast.net,Female,$42922.22,52
Imogene,Fawckner,ifawcknernq@newsvine.com,Female,$34153.91,43
Courtney,Jzak,cjzaknr@hubpages.com,Male,$30645.99,23
Kimberlyn,Demko,kdemkons@wikispaces.com,Female,$46030.85,40
Hilarius,Girodin,hgirodinnt@ezinearticles.com,Male,$4663.40,51
Ernestus,Paulusch,epauluschnu@is.gd,Male,$4108.46,55
Sterling,Belderson,sbeldersonnv@joomla.org,Male,$16278.89,51
Charyl,Cator,ccatornw@alexa.com,Female,$49793.66,48
Briano,Beavers,bbeaversnx@mlb.com,Male,$47332.16,43
Curry,Bronot,cbronotny@state.tx.us,Male,$31966.35,40
Niccolo,Spurnier,nspurniernz@businessinsider.com,Male,$20221.83,27
Amalia,Eard,aeardo0@yolasite.com,Female,$9520.79,44
Carie,Hallgate,challgateo1@google.com.hk,Female,$7531.14,59
Dirk,Strelitzki,dstrelitzkio2@tmall.com,Bigender,$39121.29,46
Nathanial,Pavluk,npavluko3@wp.com,Genderfluid,$25536.58,21
Gerhardine,Phipp,gphippo4@zdnet.com,Female,$25552.53,57
Penny,Vakhlov,pvakhlovo5@army.mil,Male,$34969.11,54
Winnie,Londsdale,wlondsdaleo6@merriam-webster.com,Female,$46411.83,28
Mohandis,Chazotte,mchazotteo7@xing.com,Male,$35308.84,33
Mathilda,Babber,mbabbero8@netvibes.com,Polygender,$13671.36,57
Ondrea,Lennox,olennoxo9@hostgator.com,Female,$43912.01,53
Esra,Hubbins,ehubbinsoa@360.cn,Male,$41317.01,22
Dagmar,Cradock,dcradockob@google.nl,Female,$47286.49,24
Renaud,Kubal,rkubaloc@youku.com,Male,$10553.24,31
Davie,Fishbourn,dfishbournod@ibm.com,Male,$33167.77,34
Gibb,Rafter,grafteroe@amazon.co.jp,Male,$42783.74,36
Chloe,Elcox,celcoxof@livejournal.com,Female,$13516.97,34
Jordanna,Kless,jklessog@ehow.com,Female,$34635.49,52
Keven,Goodreid,kgoodreidoh@nature.com,Male,$47853.72,40
Libbi,D'Ambrosi,ldambrosioi@scientificamerican.com,Female,$28587.41,50
Carroll,Cardillo,ccardillooj@senate.gov,Male,$24574.14,25
Delora,Lemoir,dlemoirok@shinystat.com,Female,$11245.49,27
Harri,Fransman,hfransmanol@engadget.com,Female,$44181.82,33
Kris,Dunstall,kdunstallom@ft.com,Female,$44800.97,56
Harri,Bouttell,hbouttellon@cnbc.com,Female,$38741.73,29
Alonso,Dawdry,adawdryoo@addthis.com,Male,$36928.62,39
Ernesta,Zanuciolii,ezanucioliiop@squidoo.com,Female,$25614.84,48
Syd,Pauly,spaulyoq@spiegel.de,Male,$5435.45,53
Rocky,Burbidge,rburbidgeor@spiegel.de,Male,$37526.83,35
Mark,Hunte,mhunteos@facebook.com,Male,$34763.48,48
Stillman,Vokins,svokinsot@linkedin.com,Male,$47245.96,22
Marc,Jinda,mjindaou@state.gov,Male,$47271.52,52
Moss,Theodoris,mtheodorisov@mtv.com,Male,$46373.11,58
Wake,Sambrook,wsambrookow@booking.com,Male,$45324.69,59
Daisi,Bordone,dbordoneox@techcrunch.com,Female,$33396.33,55
Sergei,Thompson,sthompsonoy@theguardian.com,Male,$8763.21,40
Jecho,Bevington,jbevingtonoz@wikia.com,Male,$13994.68,44
Owen,Sivill,osivillp0@nyu.edu,Agender,$18440.83,20
Jude,Pennigar,jpennigarp1@cbc.ca,Male,$7369.25,59
Lynde,Ahrens,lahrensp2@parallels.com,Female,$31125.67,59
Carl,Cherrington,ccherringtonp3@ow.ly,Male,$10522.65,47
Georas,Harry,gharryp4@yellowbook.com,Male,$31551.50,34
Allistir,Bycraft,abycraftp5@va.gov,Male,$19075.20,33
Dorita,Spinelli,dspinellip6@addtoany.com,Female,$48219.16,25
Aidan,Scyner,ascynerp7@geocities.jp,Female,$47116.05,51
Carissa,Dugan,cduganp8@angelfire.com,Female,$44844.95,36
Marla,Masarrat,mmasarratp9@prweb.com,Non-binary,$27609.62,25
Renaldo,Kenwright,rkenwrightpa@fda.gov,Male,$10349.18,39
Sibylla,Krug,skrugpb@is.gd,Female,$19397.04,32
Brew,Sheerman,bsheermanpc@cnn.com,Male,$37058.41,37
Tedd,Everal,teveralpd@slate.com,Male,$31922.12,35
Valencia,Fardo,vfardope@adobe.com,Female,$5754.05,40
Derward,Dumberell,ddumberellpf@intel.com,Male,$30274.35,41
Kirbie,Biscomb,kbiscombpg@webnode.com,Female,$4916.14,57
Opaline,Gerbi,ogerbiph@alexa.com,Female,$9848.52,55
Clementina,Bending,cbendingpi@domainmarket.com,Female,$6266.80,45
Devina,Tennant,dtennantpj@xrea.com,Female,$33189.23,43
Giles,Poli,gpolipk@webnode.com,Male,$20409.42,33
Don,Phipson,dphipsonpl@wikipedia.org,Male,$33833.53,38
Ekaterina,Storek,estorekpm@discuz.net,Female,$40754.10,24
Iain,Whitehair,iwhitehairpn@oaic.gov.au,Male,$46161.16,20
Timothea,Mateja,tmatejapo@1688.com,Female,$36222.56,21
Poppy,Alberti,palbertipp@tinypic.com,Female,$5600.31,25
Renaldo,Featherstone,rfeatherstonepq@biglobe.ne.jp,Male,$19416.48,59
Jasmina,Rope,jropepr@google.ca,Female,$31674.08,39
Delphinia,Kinkade,dkinkadeps@stumbleupon.com,Female,$6249.17,41
Perry,Fuzzey,pfuzzeypt@economist.com,Male,$48738.28,44
Theodoric,Cicetti,tcicettipu@360.cn,Non-binary,$29372.64,36
Cody,Brislan,cbrislanpv@rambler.ru,Male,$30995.58,52
Luca,Rogeron,lrogeronpw@army.mil,Male,$14442.76,39
Cally,Gianninotti,cgianninottipx@xrea.com,Female,$34652.05,28
Horten,Grima,hgrimapy@taobao.com,Male,$11989.44,49
Charlie,Clemmitt,cclemmittpz@about.me,Non-binary,$31834.91,40
Hynda,Wasteney,hwasteneyq0@imageshack.us,Genderqueer,$2163.03,52
Marven,Tinniswood,mtinniswoodq1@scribd.com,Male,$6551.09,20
Tova,Castellanos,tcastellanosq2@cbc.ca,Female,$9680.18,54
Candace,Jeafferson,cjeaffersonq3@printfriendly.com,Female,$16933.13,54
Morty,Dunabie,mdunabieq4@buzzfeed.com,Male,$2331.63,56
Ardene,Dysert,adysertq5@statcounter.com,Female,$13946.87,55
Ragnar,Bayfield,rbayfieldq6@sun.com,Male,$48013.76,46
Alverta,Mapston,amapstonq7@princeton.edu,Female,$11908.87,42
Barnaby,Waslin,bwaslinq8@hao123.com,Male,$45087.70,30
Shayla,Burgyn,sburgynq9@google.co.uk,Female,$16390.15,51
Dehlia,Runchman,drunchmanqa@rediff.com,Female,$42054.27,33
Cheslie,Nassy,cnassyqb@simplemachines.org,Female,$28855.14,33
Boonie,Barok,bbarokqc@scientificamerican.com,Male,$43524.95,25
Jinny,Dugget,jduggetqd@stanford.edu,Female,$39281.19,53
Nettle,Saintpierre,nsaintpierreqe@ask.com,Female,$46962.83,45
Rodney,Burnsyde,rburnsydeqf@yahoo.co.jp,Male,$32083.99,34
Arlan,Skeffington,askeffingtonqg@reference.com,Male,$38344.95,23
Tracey,Beggini,tbegginiqh@oakley.com,Male,$18723.98,24
Hillary,Cornick,hcornickqi@lycos.com,Female,$14798.35,57
Caesar,Penritt,cpenrittqj@wunderground.com,Male,$43706.27,43
Eziechiele,Bingell,ebingellqk@dot.gov,Male,$41478.20,28
Codi,Valance,cvalanceql@tiny.cc,Female,$18883.89,49
Zenia,McNuff,zmcnuffqm@blog.com,Female,$8020.75,51
Eva,Wilkes,ewilkesqn@ox.ac.uk,Bigender,$37671.97,27
Kyle,Dobbison,kdobbisonqo@ebay.co.uk,Female,$47585.62,44
Nerissa,Winterbottom,nwinterbottomqp@privacy.gov.au,Female,$48301.21,47
Rodrick,Nizet,rnizetqq@freewebs.com,Male,$32447.54,50
Nicko,Filan,nfilanqr@unicef.org,Male,$11378.73,23
Kyla,Besemer,kbesemerqs@aboutads.info,Female,$49968.95,46
Dorree,Simenet,dsimenetqt@liveinternet.ru,Female,$31035.69,25
Ivie,Pasek,ipasekqu@yale.edu,Female,$11184.22,40
Allan,McMeeking,amcmeekingqv@ovh.net,Male,$17132.25,34
Anestassia,Ormistone,aormistoneqw@posterous.com,Female,$19000.62,59
Welby,Sailes,wsailesqx@amazon.co.jp,Male,$28959.13,36
Gillie,Do Rosario,gdorosarioqy@devhub.com,Female,$18249.72,43
Petrina,Doogan,pdooganqz@fastcompany.com,Female,$31588.87,55
Nanete,Habberjam,nhabberjamr0@a8.net,Female,$26624.09,32
Ilaire,Climo,iclimor1@apache.org,Male,$38428.47,25
Mace,Aime,maimer2@domainmarket.com,Agender,$16554.24,35
Lamar,Purdey,lpurdeyr3@wikimedia.org,Male,$2518.19,26
Seana,Tattersdill,stattersdillr4@flickr.com,Female,$2388.51,60
Mercie,Betteney,mbetteneyr5@list-manage.com,Female,$11935.49,25
Mildred,Karpfen,mkarpfenr6@nature.com,Female,$5468.55,21
Luce,Alvin,lalvinr7@barnesandnoble.com,Male,$18309.48,28
Yale,Alessandrucci,yalessandruccir8@ask.com,Male,$24533.64,26
Anya,Scallan,ascallanr9@dot.gov,Female,$35523.08,29
Eduino,Huntly,ehuntlyra@umich.edu,Male,$30625.53,38
Fernando,Forri,fforrirb@creativecommons.org,Male,$48442.08,31
Farly,Jacomb,fjacombrc@discovery.com,Male,$3114.42,51
Nobe,Demetr,ndemetrrd@wikipedia.org,Male,$37637.60,58
Willey,Phythien,wphythienre@vimeo.com,Male,$24991.45,26
Bibbye,Scarffe,bscarfferf@wix.com,Female,$3156.87,30
Birgit,Mager,bmagerrg@virginia.edu,Female,$32337.62,34
Mord,Kivits,mkivitsrh@alexa.com,Male,$35684.65,29
Al,Clayworth,aclayworthri@slideshare.net,Male,$24300.19,56
Avigdor,Kull,akullrj@auda.org.au,Male,$40755.25,23
Lyndell,Berends,lberendsrk@over-blog.com,Female,$42230.77,57
Morie,Reyburn,mreyburnrl@state.gov,Bigender,$29119.48,33
Imogene,Toothill,itoothillrm@xrea.com,Female,$48741.70,32
Kele,Sked,kskedrn@springer.com,Male,$38446.99,34
Barnabas,Tinsey,btinseyro@fema.gov,Male,$30538.75,51
Trudy,Rewan,trewanrp@instagram.com,Female,$27124.64,44
Glad,Vigus,gvigusrq@stumbleupon.com,Female,$22370.25,49
Hunfredo,Wheildon,hwheildonrr@sciencedaily.com,Male,$6772.83,54
